Snowflake Total, Snowflake Binary, Snowflake JSON, Local JSON
11.925190,2.908483,2.925595,0.581128
7.542726,1.863018,1.489751,0.404117
8.264965,1.853113,1.461506,0.400712
7.319060,1.797756,1.438577,0.455991
7.896645,1.953313,1.620650,0.400791
9.420494,2.025131,2.486820,0.400513