Snowflake Total, Snowflake Binary, Snowflake JSON, Local JSON
7.489612,1.544672,2.528504,0.301393
7.015861,1.515031,1.245044,0.304840
6.224719,1.534130,1.236398,0.284778
5.959115,1.478565,1.209945,0.282762